,match_id,date_string,home_team_id,away_team_id,half_time_score,full_time_score,home_team_rating,home_accurate_pass,home_total_pass,home_blocked_scoring_att,home_ontarget_scoring_att,home_shot_off_target,home_won_corners,home_penalty_save,home_total_tackle,home_fk_foul_lost,home_total_throws,home_possession_percentage,away_team_rating,away_accurate_pass,away_total_pass,away_blocked_scoring_att,away_ontarget_scoring_att,away_shot_off_target,away_won_corners,away_penalty_save,away_total_tackle,away_fk_foul_lost,away_total_throws,away_possession_percentage,half_time_score_home,half_time_score_away,full_time_score_home,full_time_score_away,result_home
0,958431,2015-08-08 12:45:00,32,30,1 : 0,1 : 0,6.83357142857143,401,487,4,1,4,1,0,21,12,25,50.0,6.60714285714286,391,487,3,4,2,2,0,26,12,24,50.0,1,0,1,0,1.0
0,958427,2015-08-08 15:00:00,183,24,0 : 0,0 : 1,6.42857142857143,464,548,2,2,7,6,0,14,13,30,58.4,7.17357142857143,310,391,2,3,2,3,0,24,13,19,41.6,0,0,0,1,-1.0
0,958429,2015-08-08 15:00:00,31,27,0 : 1,2 : 2,6.75214285714286,451,558,2,5,3,8,0,14,7,30,66.6,7.15142857142857,200,286,3,5,3,2,0,25,13,14,33.4,0,1,2,2,0.0
0,958430,2015-08-08 15:00:00,14,16,3 : 0,4 : 2,7.25285714285714,250,342,4,8,8,6,0,19,13,21,44.0,6.51923076923077,347,442,2,5,4,3,0,19,17,25,56.0,3,0,4,2,1.0
0,958433,2015-08-08 15:00:00,168,162,0 : 1,1 : 3,6.40714285714286,388,470,2,6,9,1,0,20,14,23,62.9,7.12285714285714,200,272,2,7,2,4,0,14,20,19,37.1,0,1,1,3,-1.0
0,958428,2015-08-08 17:30:00,15,259,2 : 1,2 : 2,6.66785714285714,347,433,3,3,5,4,0,16,15,24,52.0,6.82857142857143,322,399,5,10,2,8,0,22,16,22,48.0,2,1,2,2,0.0
0,958426,2015-08-09 13:30:00,13,29,0 : 1,0 : 2,6.64615384615385,481,556,9,6,7,5,0,12,12,18,61.8,7.28642857142857,256,359,2,4,2,4,0,21,9,21,38.2,0,1,0,2,-1.0
0,958432,2015-08-09 13:30:00,23,18,1 : 1,2 : 2,6.74071428571429,396,485,2,4,3,6,0,13,9,34,56.3,7.06384615384615,309,389,3,4,7,6,0,18,12,19,43.7,1,1,2,2,0.0
0,958434,2015-08-09 16:00:00,96,26,0 : 0,0 : 1,6.5,301,412,2,1,4,3,0,25,9,25,47.0,7.01384615384615,378,478,4,3,1,5,0,19,16,22,53.0,0,0,0,1,-1.0
0,958435,2015-08-10 20:00:00,175,167,0 : 2,0 : 3,6.30642857142857,267,328,1,2,6,6,0,17,12,16,30.9,7.36071428571429,693,764,11,7,2,6,0,10,9,12,69.1,0,2,0,3,-1.0
0,958472,2015-08-14 19:45:00,24,32,0 : 1,0 : 1,6.55307692307692,356,441,1,1,3,3,0,22,14,24,45.6,6.995,458,534,3,2,4,5,0,24,10,18,54.4,0,1,0,1,-1.0
0,958476,2015-08-15 12:45:00,18,31,0 : 2,0 : 3,6.28785714285714,391,458,4,4,9,9,0,18,11,23,54.4,7.30071428571429,314,393,4,4,2,9,0,14,10,14,45.6,0,2,0,3,-1.0
0,958481,2015-08-15 15:00:00,29,14,0 : 2,1 : 2,6.51285714285714,468,553,4,3,3,8,0,15,11,35,69.8,6.94357142857143,157,242,2,5,3,4,0,25,12,15,30.2,0,2,1,2,-1.0
0,958479,2015-08-15 15:00:00,30,96,2 : 0,2 : 2,6.85461538461538,407,500,4,7,2,4,0,16,15,35,53.2,6.87,351,430,2,7,6,3,0,19,11,21,46.8,2,0,2,2,0.0
0,958478,2015-08-15 15:00:00,259,23,1 : 0,2 : 0,7.25571428571429,586,635,7,6,6,4,0,19,11,26,65.8,6.24214285714286,261,333,0,2,2,4,0,19,8,19,34.2,1,0,2,0,1.0
0,958480,2015-08-15 15:00:00,27,175,0 : 0,0 : 0,6.93,418,498,3,5,8,2,0,15,13,32,63.9,6.90642857142857,194,285,1,0,5,4,0,24,10,13,36.1,0,0,0,0,0.0
0,958477,2015-08-15 15:00:00,16,168,0 : 2,1 : 3,6.46153846153846,267,386,1,2,3,6,0,31,7,20,43.9,7.085,388,490,8,6,4,6,0,15,7,33,56.1,0,2,1,3,-1.0
0,958473,2015-08-16 13:30:00,162,13,1 : 1,1 : 2,6.70928571428572,302,376,3,4,4,6,0,18,14,15,40.8,7.06071428571429,478,564,7,7,6,6,0,27,12,20,59.2,1,1,1,2,-1.0
0,958475,2015-08-16 16:00:00,167,15,1 : 0,3 : 0,7.41214285714286,345,423,4,8,6,5,0,17,19,19,49.2,6.375,367,443,3,3,4,1,0,20,13,19,50.8,1,0,3,0,1.0
0,958474,2015-08-17 20:00:00,26,183,1 : 0,1 : 0,7.15142857142857,403,492,5,2,11,6,0,24,11,19,54.9,6.555,293,387,5,2,6,8,0,22,18,31,45.1,1,0,1,0,1.0
0,959737,2015-08-22 12:45:00,32,23,0 : 0,0 : 0,6.99214285714286,567,637,9,8,3,11,0,17,15,20,69.3,7.00714285714286,201,280,3,0,4,5,0,20,11,13,30.7,0,0,0,0,0.0
0,959725,2015-08-22 15:00:00,162,24,0 : 0,2 : 1,6.78642857142857,283,357,3,6,7,6,0,15,12,15,49.9,6.70416666666667,283,363,3,2,6,4,0,13,15,22,50.1,0,0,2,1,1.0
0,959733,2015-08-22 15:00:00,14,30,0 : 0,1 : 1,6.74928571428571,180,265,6,2,5,2,0,19,7,21,34.8,6.77785714285714,440,523,4,6,9,7,0,11,14,26,65.2,0,0,1,1,0.0
0,959741,2015-08-22 15:00:00,168,96,1 : 1,1 : 1,6.68615384615385,256,326,5,7,8,9,0,22,16,26,42.6,6.62285714285714,392,467,1,1,4,0,0,15,5,21,57.4,1,1,1,1,0.0
0,959745,2015-08-22 15:00:00,16,259,0 : 1,1 : 1,6.81642857142857,216,318,3,2,5,3,0,25,16,15,39.3,6.96583333333333,410,494,5,9,6,4,0,9,9,20,60.7,0,1,1,1,0.0
0,959754,2015-08-22 15:00:00,29,183,0 : 2,3 : 4,6.37714285714286,254,373,3,4,3,5,0,20,8,25,45.8,7.00571428571429,332,452,2,7,6,4,0,17,11,33,54.2,0,2,3,4,-1.0
0,959751,2015-08-23 13:30:00,175,15,1 : 3,2 : 3,6.55285714285714,284,373,3,6,6,8,0,13,9,20,43.9,6.78714285714286,404,496,3,5,7,7,1,9,12,13,56.1,1,3,2,3,-1.0
0,959729,2015-08-23 16:00:00,31,167,0 : 0,0 : 2,6.63071428571428,334,408,4,1,5,8,0,21,5,18,45.7,7.21714285714286,414,487,4,9,3,7,0,17,7,26,54.3,0,0,0,2,-1.0
0,959748,2015-08-23 16:00:00,27,18,0 : 0,0 : 0,6.93461538461538,316,431,7,0,6,5,0,15,10,31,52.0,6.92428571428571,308,412,0,4,10,2,0,14,11,18,48.0,0,0,0,0,0.0
0,959721,2015-08-24 20:00:00,13,26,0 : 0,0 : 0,7.40923076923077,564,667,5,5,9,7,0,23,2,18,65.7,7.19,250,351,3,8,4,8,0,25,13,23,34.3,0,0,0,0,0.0
0,959768,2015-08-29 12:45:00,23,13,0 : 0,0 : 1,6.39571428571429,206,268,0,0,1,0,0,21,15,23,26.3,7.04307692307692,712,777,7,9,6,9,0,21,8,24,73.7,0,0,0,1,-1.0
0,959762,2015-08-29 15:00:00,15,162,0 : 0,1 : 2,6.80642857142857,487,582,8,9,9,7,0,16,9,15,63.7,6.94571428571429,239,321,2,5,6,7,0,17,15,24,36.3,0,0,1,2,-1.0
0,959764,2015-08-29 15:00:00,26,29,0 : 2,0 : 3,6.03642857142857,463,543,5,1,7,5,0,12,17,26,62.7,7.275,238,326,3,5,4,7,0,25,12,16,37.3,0,2,0,3,-1.0
0,959766,2015-08-29 15:00:00,167,27,0 : 0,2 : 0,7.2,594,645,5,5,8,9,0,15,9,13,58.7,6.38785714285714,393,458,5,0,2,3,0,30,12,11,41.3,0,0,2,0,1.0
0,959771,2015-08-29 15:00:00,96,175,0 : 1,0 : 1,6.41,375,446,3,5,5,6,0,18,4,16,49.1,7.015,395,456,4,5,6,5,0,19,9,25,50.9,0,1,0,1,-1.0
0,959760,2015-08-29 15:00:00,183,14,1 : 0,1 : 1,6.60428571428572,322,435,3,2,0,4,0,16,9,36,56.1,6.74428571428571,223,336,0,2,2,4,0,30,19,30,43.9,1,0,1,1,0.0
0,959757,2015-08-29 15:00:00,24,16,2 : 1,2 : 2,7.20916666666667,439,523,4,6,11,5,0,20,10,27,62.0,6.84428571428571,241,329,1,3,3,4,0,32,14,14,38.0,2,1,2,2,0.0
0,959773,2015-08-29 17:30:00,30,31,0 : 0,0 : 0,6.87,372,440,6,6,8,6,0,25,20,16,49.9,6.79142857142857,368,443,1,3,4,2,0,17,9,17,50.1,0,0,0,0,0.0
0,959770,2015-08-30 13:30:00,18,168,1 : 0,3 : 0,7.49785714285714,451,533,2,8,13,6,0,16,4,22,61.1,6.19142857142857,255,348,2,1,3,4,0,14,12,23,38.9,1,0,3,0,1.0
0,959772,2015-08-30 16:00:00,259,32,0 : 0,2 : 1,6.94142857142857,254,365,1,4,4,0,0,14,6,18,35.5,6.60142857142857,542,657,1,4,6,1,0,15,15,17,64.5,0,0,2,1,1.0
0,959776,2015-09-12 12:45:00,31,15,2 : 1,3 : 1,7.20214285714285,287,351,0,9,5,7,0,23,12,12,38.8,6.465,493,561,7,2,6,14,0,21,12,15,61.2,2,1,3,1,1.0
0,959781,2015-09-12 15:00:00,27,259,0 : 0,1 : 0,6.94714285714286,236,330,4,6,7,1,0,17,11,21,39.2,6.43642857142857,416,515,1,3,4,3,0,8,14,24,60.8,0,0,1,0,1.0
0,959779,2015-09-12 15:00:00,168,183,1 : 0,3 : 1,7.07928571428572,336,432,0,4,8,4,0,21,10,16,47.7,6.10714285714286,374,476,2,2,3,4,0,13,11,35,52.3,1,0,3,1,1.0
0,959782,2015-09-12 15:00:00,175,18,0 : 0,0 : 0,6.76642857142857,224,333,3,1,4,4,0,20,5,17,35.1,6.90307692307692,523,614,5,4,6,5,0,12,5,25,64.9,0,0,0,0,0.0
0,959774,2015-09-12 15:00:00,13,96,1 : 0,2 : 0,7.495,544,628,8,12,9,13,0,18,6,19,67.6,6.45307692307692,226,305,3,3,2,1,0,16,13,18,32.4,1,0,2,0,1.0
0,959775,2015-09-12 15:00:00,162,167,0 : 0,0 : 1,6.66857142857143,273,359,2,2,6,4,0,17,13,23,42.2,6.96714285714286,402,498,5,7,9,4,0,15,13,30,57.8,0,0,0,1,-1.0
0,959778,2015-09-12 17:30:00,32,26,0 : 0,3 : 1,7.08285714285714,470,559,3,3,3,4,0,23,6,27,55.7,6.38928571428571,342,446,0,4,4,4,0,23,11,24,44.3,0,0,3,1,1.0
0,959780,2015-09-13 13:30:00,16,30,0 : 0,0 : 1,6.71214285714286,220,313,5,2,5,6,0,22,11,25,43.9,7.04642857142857,327,411,5,4,6,8,0,26,12,30,56.1,0,0,0,1,-1.0
0,959777,2015-09-13 16:00:00,14,24,0 : 1,3 : 2,7.26071428571429,298,388,6,6,9,4,0,32,8,35,48.7,6.77571428571429,310,416,4,4,3,5,0,28,13,26,51.3,0,1,3,2,1.0
0,959783,2015-09-14 20:00:00,29,23,1 : 0,2 : 0,7.35571428571429,239,314,6,3,8,6,0,18,8,27,39.1,6.34642857142857,394,477,5,4,5,7,0,17,11,36,60.9,1,0,2,0,1.0
0,959786,2015-09-19 12:45:00,15,13,0 : 0,2 : 0,7.15857142857143,547,628,10,6,6,5,0,23,12,14,62.9,6.42,280,360,3,2,4,5,0,21,11,19,37.1,0,0,2,0,1.0
0,959785,2015-09-19 15:00:00,183,16,2 : 0,2 : 0,7.27785714285714,362,463,6,5,4,7,0,23,14,18,53.1,6.435,317,416,4,2,3,3,0,25,15,26,46.9,2,0,2,0,1.0
0,959784,2015-09-19 15:00:00,24,175,0 : 1,0 : 1,6.955,348,451,5,3,5,2,0,30,10,29,59.8,7.10857142857143,220,303,3,6,1,7,0,15,11,33,40.2,0,1,0,1,-1.0
0,959791,2015-09-19 15:00:00,96,14,2 : 0,2 : 2,6.96714285714286,310,432,2,4,5,4,0,32,7,23,54.1,6.76928571428571,265,371,1,5,6,4,0,15,12,22,45.9,2,0,2,2,0.0
0,959792,2015-09-19 15:00:00,259,31,0 : 0,0 : 0,6.84785714285714,316,407,3,3,6,2,0,21,12,24,47.9,6.83384615384615,362,454,8,2,7,4,0,17,11,18,52.1,0,0,0,0,0.0
0,959789,2015-09-19 15:00:00,23,27,0 : 2,1 : 2,6.68071428571429,405,493,3,5,7,5,0,19,8,29,57.6,7.05071428571429,275,381,3,4,6,5,0,29,12,16,42.4,0,2,1,2,-1.0
0,959788,2015-09-19 17:30:00,167,29,1 : 2,1 : 2,6.86214285714286,596,669,10,8,9,16,0,19,10,21,71.5,7.13142857142857,189,279,0,3,3,3,0,20,7,13,28.5,1,2,1,2,-1.0
0,959793,2015-09-20 13:30:00,30,162,0 : 0,1 : 0,7.24214285714286,358,436,9,6,6,6,0,32,9,30,57.1,6.82571428571429,237,323,4,4,4,5,0,31,11,29,42.9,0,0,1,0,1.0
0,959787,2015-09-20 16:00:00,26,168,0 : 0,1 : 1,6.76642857142857,480,579,9,7,7,6,0,19,4,21,58.9,6.72384615384615,279,399,1,2,4,2,0,15,13,24,41.1,0,0,1,1,0.0
0,959790,2015-09-20 16:00:00,18,32,1 : 1,2 : 3,6.68,299,382,1,8,6,5,0,21,6,16,40.8,6.83428571428571,495,575,2,3,5,5,0,15,13,20,59.2,1,1,2,3,-1.0
0,959800,2015-09-26 12:45:00,30,167,1 : 1,4 : 1,7.56857142857143,291,407,4,8,3,5,0,28,17,31,46.0,6.355,363,478,8,8,6,9,0,18,6,26,54.0,1,1,4,1,1.0
0,959795,2015-09-26 15:00:00,26,24,1 : 0,3 : 2,7.20666666666667,505,570,7,12,2,11,0,28,8,18,62.4,6.83307692307692,274,342,1,4,5,1,0,18,13,14,37.6,1,0,3,2,1.0
0,959796,2015-09-26 15:00:00,32,16,1 : 0,3 : 0,7.355,524,603,4,7,1,5,0,18,12,18,66.2,6.31076923076923,229,311,4,4,1,2,0,23,17,11,33.8,1,0,3,0,1.0
0,959798,2015-09-26 15:00:00,18,259,1 : 0,3 : 1,6.99428571428571,287,380,3,6,8,4,0,17,18,17,41.5,6.32071428571429,452,542,3,4,4,3,0,7,14,20,58.5,1,0,3,1,1.0
0,959799,2015-09-26 15:00:00,96,183,1 : 0,2 : 1,6.92142857142857,288,383,1,5,2,3,0,15,13,22,43.7,6.53642857142857,394,488,4,6,2,7,0,16,11,31,56.3,1,0,2,1,1.0
0,959803,2015-09-26 15:00:00,29,168,1 : 1,2 : 2,6.86071428571429,264,349,4,7,8,7,0,17,7,25,42.9,6.82714285714286,386,482,4,7,5,5,0,16,17,17,57.1,1,1,2,2,0.0
0,959794,2015-09-26 15:00:00,14,13,1 : 2,2 : 5,6.75285714285714,280,360,3,7,6,6,0,21,9,18,42.0,7.64214285714286,456,532,13,12,2,5,0,21,12,19,58.0,1,2,2,5,-1.0
0,959797,2015-09-26 17:30:00,23,15,1 : 0,2 : 2,6.97357142857143,201,293,3,5,3,4,0,30,12,28,35.5,6.80571428571429,429,532,4,4,8,6,0,27,15,29,64.5,1,0,2,2,0.0
0,959801,2015-09-27 16:00:00,27,162,0 : 0,0 : 1,6.475,290,386,4,2,9,6,0,14,17,30,55.3,6.90214285714286,234,313,5,3,8,4,0,14,22,15,44.7,0,0,0,1,-1.0
0,959802,2015-09-28 20:00:00,175,31,1 : 0,2 : 3,6.75928571428572,289,398,1,4,4,6,0,19,9,24,46.0,6.81571428571429,374,470,3,4,5,4,0,17,8,20,54.0,1,0,2,3,-1.0
0,959808,2015-10-03 12:45:00,162,175,0 : 0,2 : 0,7.27307692307692,356,443,6,8,7,8,0,16,14,33,60.4,6.45714285714286,190,302,2,2,3,3,0,22,13,18,39.6,0,0,2,0,1.0
0,959812,2015-10-03 15:00:00,16,29,2 : 1,2 : 2,6.67714285714286,280,367,4,3,5,1,0,25,14,18,44.1,6.735,365,440,5,6,9,8,0,19,11,26,55.9,2,1,2,2,0.0
0,959806,2015-10-03 15:00:00,183,27,1 : 1,1 : 1,6.83846153846154,388,496,2,6,4,5,0,10,8,38,54.4,6.78642857142857,309,421,4,2,5,3,1,18,13,31,45.6,1,1,1,1,0.0
0,959805,2015-10-03 15:00:00,24,96,0 : 0,0 : 1,6.76428571428571,400,478,7,2,4,9,0,18,12,29,56.3,7.14714285714286,301,381,3,5,4,5,0,27,12,25,43.7,0,0,0,1,-1.0
0,959810,2015-10-03 15:00:00,167,23,1 : 1,6 : 1,7.39428571428571,498,590,4,11,8,7,0,20,13,20,64.3,6.12428571428571,250,335,1,4,1,3,0,24,8,13,35.7,1,1,6,1,1.0
0,959811,2015-10-03 15:00:00,168,14,0 : 1,1 : 2,6.73642857142857,386,486,6,2,9,17,0,14,4,34,66.2,7.11071428571429,153,254,3,5,8,8,0,31,4,20,33.8,0,1,1,2,-1.0
0,959807,2015-10-03 17:30:00,15,18,1 : 1,1 : 3,6.375,435,551,3,3,4,4,0,22,14,21,60.2,7.07928571428571,259,360,4,5,4,6,0,19,14,22,39.8,1,1,1,3,-1.0
0,959809,2015-10-04 13:30:00,31,26,1 : 1,1 : 1,6.89692307692308,298,388,8,4,2,5,0,27,10,24,50.9,6.82846153846154,298,372,4,4,5,11,0,27,19,23,49.1,1,1,1,1,0.0
0,959804,2015-10-04 16:00:00,13,32,3 : 0,3 : 0,7.71714285714286,313,389,2,5,5,3,0,29,8,12,37.8,6.25857142857143,548,632,1,5,3,6,0,22,17,18,62.2,3,0,3,0,1.0
0,959813,2015-10-04 16:00:00,259,30,2 : 1,2 : 2,6.90153846153846,315,404,4,2,5,5,0,18,8,18,45.6,6.79,408,483,4,11,4,6,0,17,19,13,54.4,2,1,2,2,0.0
0,959821,2015-10-17 12:45:00,30,26,0 : 0,0 : 0,7.18153846153846,304,407,5,4,4,8,0,41,15,31,48.5,7.03307692307692,332,441,5,3,4,6,0,29,11,40,51.5,0,0,0,0,0.0
0,959814,2015-10-17 15:00:00,15,24,1 : 0,2 : 0,7.16785714285714,306,415,3,3,3,4,0,31,22,29,49.0,6.48615384615385,330,424,3,1,6,4,0,19,17,31,51.0,1,0,2,0,1.0
0,959817,2015-10-17 15:00:00,167,183,4 : 1,5 : 1,7.51357142857143,470,566,0,11,5,1,0,14,11,28,54.4,6.06714285714286,355,451,1,1,3,7,0,15,5,25,45.6,4,1,5,1,1.0
0,959819,2015-10-17 15:00:00,18,14,2 : 0,2 : 2,7.10857142857143,269,360,2,6,5,6,0,15,16,16,50.6,7.08461538461538,245,342,8,7,12,7,0,19,10,25,49.4,2,0,2,2,0.0
0,959816,2015-10-17 15:00:00,31,32,0 : 2,0 : 3,6.37384615384615,370,458,3,3,6,5,0,25,12,22,47.2,7.41071428571428,448,524,1,7,2,3,0,23,14,20,52.8,0,2,0,3,-1.0
0,959815,2015-10-17 15:00:00,162,29,1 : 1,1 : 3,6.36714285714286,236,326,2,1,3,1,0,21,9,26,38.5,7.16,437,516,8,4,12,9,0,27,11,22,61.5,1,1,1,3,-1.0
0,959823,2015-10-17 15:00:00,175,16,0 : 0,1 : 0,6.90076923076923,348,452,2,2,5,1,0,9,12,23,56.2,6.55214285714286,256,352,6,2,1,5,0,24,13,19,43.8,0,0,1,0,1.0
0,959822,2015-10-17 17:30:00,27,13,0 : 0,0 : 3,6.36071428571429,226,306,1,1,6,3,0,25,11,18,33.3,7.51571428571428,551,627,6,6,5,9,0,17,12,12,66.7,0,0,0,3,-1.0
0,959818,2015-10-18 16:00:00,23,168,3 : 2,6 : 2,7.40428571428571,285,373,3,6,2,3,0,13,10,16,44.2,6.58,374,463,6,6,6,7,0,26,10,20,55.8,3,2,6,2,1.0
0,959820,2015-10-19 20:00:00,259,96,0 : 1,0 : 1,6.57071428571429,489,548,2,2,10,1,0,18,6,29,54.1,6.93714285714286,382,472,1,2,6,2,0,32,14,18,45.9,0,1,0,1,-1.0
0,959831,2015-10-24 15:00:00,96,27,0 : 1,0 : 2,6.25928571428572,440,526,3,0,8,11,0,19,10,25,66.2,7.12357142857143,188,269,5,3,5,5,0,20,18,18,33.8,0,1,0,2,-1.0
0,959830,2015-10-24 15:00:00,168,175,0 : 0,0 : 1,6.65083333333333,377,466,4,3,9,13,0,8,11,17,60.6,7.15846153846154,196,316,0,4,3,3,0,10,6,16,39.4,0,0,0,1,-1.0
0,959827,2015-10-24 15:00:00,14,162,0 : 0,1 : 0,7.22384615384615,327,426,4,3,5,3,0,21,7,22,47.7,6.43,347,456,2,4,3,2,0,15,11,37,52.3,0,0,1,0,1.0
0,959825,2015-10-24 15:00:00,24,259,0 : 0,1 : 2,6.69846153846154,273,377,1,3,5,4,0,14,10,29,47.9,6.80285714285714,317,419,1,4,5,6,0,16,8,25,52.1,0,0,1,2,-1.0
0,959833,2015-10-24 15:00:00,29,15,1 : 0,2 : 1,6.885,282,370,3,5,4,7,0,17,10,26,45.5,6.56857142857143,365,457,0,4,5,4,0,18,12,22,54.5,1,0,2,1,1.0
0,959824,2015-10-24 17:30:00,13,31,2 : 1,2 : 1,7.29846153846154,449,527,6,5,9,7,0,20,11,23,56.2,6.77357142857143,322,404,2,5,3,5,0,36,14,21,43.8,2,1,2,1,1.0
0,959832,2015-10-25 12:00:00,16,23,1 : 0,3 : 0,7.27571428571429,220,311,5,3,1,1,0,14,12,23,39.7,6.36714285714286,364,456,5,8,8,10,0,19,10,22,60.3,1,0,3,0,1.0
0,959829,2015-10-25 14:05:00,32,167,0 : 0,0 : 0,6.82714285714286,446,543,3,1,2,6,0,19,17,28,58.7,6.77071428571428,279,386,3,1,2,4,0,28,13,25,41.3,0,0,0,0,0.0
0,959826,2015-10-25 14:05:00,183,30,1 : 3,1 : 5,6.29357142857143,302,401,2,3,6,4,0,28,8,24,45.8,7.28857142857143,403,490,3,9,2,5,0,24,15,23,54.2,1,3,1,5,-1.0
0,959828,2015-10-25 16:15:00,26,18,0 : 0,1 : 1,6.85714285714286,484,586,5,2,8,10,0,23,8,18,60.3,6.82,279,383,2,3,3,7,0,29,11,25,39.7,0,0,1,1,0.0
0,959834,2015-10-31 12:45:00,15,26,1 : 1,1 : 3,6.61571428571428,326,418,4,2,2,1,0,35,9,18,42.6,6.94785714285714,468,568,4,7,5,7,0,27,21,37,57.4,1,1,1,3,-1.0
0,959837,2015-10-31 15:00:00,167,168,0 : 0,2 : 1,6.88785714285714,648,722,6,5,10,12,0,16,4,21,70.8,6.21714285714286,215,296,1,3,1,4,0,15,13,12,29.2,0,0,2,1,1.0
0,959835,2015-10-31 15:00:00,162,32,0 : 0,0 : 0,6.96583333333333,271,355,2,5,3,7,0,20,12,28,44.6,6.75285714285714,375,456,2,1,2,3,0,23,15,14,55.4,0,0,0,0,0.0
0,959609,2015-10-31 15:00:00,27,29,1 : 0,2 : 0,7.085,303,400,9,5,6,7,0,17,16,22,50.6,6.33285714285714,317,397,0,3,5,2,0,15,12,21,49.4,1,0,2,0,1.0
0,959569,2015-10-31 15:00:00,23,96,0 : 0,0 : 0,6.97,336,412,4,6,5,11,0,15,6,16,52.3,6.75285714285714,306,388,1,2,6,4,0,16,16,17,47.7,0,0,0,0,0.0
0,959589,2015-10-31 15:00:00,259,13,0 : 0,0 : 3,6.04285714285714,469,550,3,3,1,4,0,9,12,18,54.2,7.42571428571429,385,461,2,5,7,4,0,16,7,17,45.8,0,0,0,3,-1.0
0,959619,2015-10-31 15:00:00,175,14,1 : 0,2 : 3,6.85214285714286,236,330,3,6,5,6,0,12,3,38,47.7,6.89857142857143,258,370,5,5,3,4,0,25,11,21,52.3,1,0,2,3,-1.0
0,959836,2015-11-01 13:30:00,31,16,2 : 1,6 : 2,7.33928571428572,619,687,2,8,5,6,0,8,6,17,67.4,6.49571428571429,253,326,5,9,3,1,0,19,5,17,32.6,2,1,6,2,1.0
0,959579,2015-11-01 16:00:00,18,183,2 : 0,2 : 0,7.13071428571429,400,479,5,2,4,4,0,21,5,18,48.5,6.31928571428571,425,514,5,2,9,6,0,18,5,33,51.5,2,0,2,0,1.0
0,959599,2015-11-02 20:00:00,30,24,2 : 0,3 : 1,7.055,432,530,7,6,4,4,0,21,6,33,61.3,6.55928571428571,220,325,6,2,5,3,0,24,15,33,38.7,2,0,3,1,1.0
0,959649,2015-11-07 12:45:00,183,23,0 : 1,0 : 1,6.55428571428571,501,582,7,5,8,16,0,22,9,24,67.3,7.06785714285714,210,300,0,1,1,0,0,27,11,19,32.7,0,1,0,1,-1.0
0,959678,2015-11-07 15:00:00,32,175,0 : 0,2 : 0,7.0,540,648,5,3,5,5,0,15,11,25,67.7,6.29142857142857,189,304,1,0,3,2,0,21,10,14,32.3,0,0,2,0,1.0
0,959659,2015-11-07 15:00:00,14,27,0 : 0,2 : 1,6.89214285714286,264,376,2,6,4,4,0,15,11,15,41.3,6.47846153846154,410,556,0,4,4,2,0,13,10,30,58.7,0,0,2,1,1.0
0,959686,2015-11-07 15:00:00,168,259,0 : 0,1 : 0,6.83307692307692,277,338,0,5,4,5,0,11,12,13,32.9,6.50142857142857,627,706,1,0,7,2,0,12,7,19,67.1,0,0,1,0,1.0
0,959580,2015-11-07 15:00:00,16,18,0 : 0,0 : 1,6.61642857142857,206,314,1,3,5,3,0,13,10,19,35.8,6.98214285714286,431,551,4,5,5,7,0,14,11,28,64.2,0,0,0,1,-1.0
0,959590,2015-11-07 15:00:00,29,31,1 : 1,1 : 1,6.77214285714286,379,435,3,5,8,3,0,18,11,18,50.8,6.71153846153846,361,427,3,4,6,5,0,10,12,13,49.2,1,1,1,1,0.0
0,959570,2015-11-07 17:30:00,96,15,0 : 0,1 : 0,6.87928571428571,195,282,1,2,5,1,0,15,13,28,36.8,6.57142857142857,399,488,7,4,8,9,0,19,10,23,63.2,0,0,1,0,1.0
0,959639,2015-11-08 13:30:00,24,167,0 : 0,0 : 0,6.80071428571429,323,410,0,0,3,3,0,7,7,19,40.7,6.73071428571429,492,578,5,3,5,8,0,16,7,26,59.3,0,0,0,0,0.0
0,959669,2015-11-08 16:00:00,26,162,1 : 1,1 : 2,6.7,408,499,9,4,9,14,0,28,7,27,63.8,6.89142857142857,191,287,1,4,4,6,0,25,6,23,36.2,1,1,1,2,-1.0
0,959629,2015-11-08 16:00:00,13,30,0 : 1,1 : 1,6.815,344,458,1,4,5,7,0,35,12,32,54.9,6.81142857142857,289,383,3,4,7,6,0,22,17,24,45.1,0,1,1,1,0.0
0,959679,2015-11-21 12:45:00,27,32,0 : 1,1 : 2,6.73692307692308,246,385,3,5,2,4,0,28,6,33,43.6,6.77642857142857,381,499,2,6,5,10,0,18,12,30,56.4,0,1,1,2,-1.0
0,959660,2015-11-21 15:00:00,259,183,2 : 2,2 : 2,6.75071428571428,301,401,5,4,2,4,0,17,8,25,42.7,6.85,438,535,6,4,6,5,0,11,9,27,57.3,2,2,2,2,0.0
0,959687,2015-11-21 15:00:00,175,13,2 : 1,2 : 1,6.68357142857143,161,247,1,1,2,3,0,20,14,15,27.0,6.63357142857143,590,684,1,3,7,5,0,13,10,12,73.0,2,1,2,1,1.0
0,959640,2015-11-21 15:00:00,23,14,0 : 1,0 : 3,6.29785714285714,349,454,4,1,4,4,0,20,9,28,54.3,7.60785714285714,281,375,6,7,5,9,0,27,12,29,45.7,0,1,0,3,-1.0
0,959600,2015-11-21 15:00:00,15,168,0 : 0,1 : 0,7.30285714285714,517,606,5,7,9,6,0,19,4,23,64.4,6.60642857142857,225,331,1,2,1,5,0,26,12,22,35.6,0,0,1,0,1.0
0,959650,2015-11-21 15:00:00,18,96,0 : 1,0 : 1,6.515,403,517,1,1,13,7,0,16,8,26,58.2,7.09357142857143,289,389,1,4,11,3,0,13,8,18,41.8,0,1,0,1,-1.0
0,959620,2015-11-21 15:00:00,31,24,3 : 0,4 : 0,7.54928571428571,535,608,3,9,4,2,0,23,6,16,59.9,6.21142857142857,337,403,4,3,3,3,0,18,9,21,40.1,3,0,4,0,1.0
0,959630,2015-11-21 17:30:00,167,26,1 : 3,1 : 4,6.44142857142857,406,530,3,3,5,11,0,16,5,39,58.4,7.46928571428571,265,390,3,9,2,5,0,32,13,17,41.6,1,3,1,4,-1.0
0,959670,2015-11-22 16:00:00,30,29,2 : 0,4 : 1,7.31928571428571,392,484,5,12,5,7,0,21,13,25,55.8,6.57,285,372,3,4,3,6,0,28,9,32,44.2,2,0,4,1,1.0
0,959610,2015-11-23 20:00:00,162,16,0 : 0,0 : 1,6.57428571428571,371,452,4,7,8,11,0,15,18,24,66.6,7.26928571428572,147,244,2,4,6,2,0,26,11,21,33.4,0,0,0,1,-1.0
0,959701,2015-11-28 15:00:00,183,31,0 : 2,3 : 3,7.04,447,542,4,10,5,10,0,22,6,34,57.3,7.04285714285714,309,407,4,6,1,5,0,24,6,16,42.7,0,2,3,3,0.0
0,959707,2015-11-28 15:00:00,162,23,3 : 1,5 : 1,7.53142857142857,375,449,5,8,6,7,0,18,7,25,53.7,6.11357142857143,291,394,4,2,1,5,0,22,13,19,46.3,3,1,5,1,1.0
0,959578,2015-11-28 15:00:00,16,96,0 : 0,2 : 0,7.25571428571429,366,436,6,5,7,9,0,18,4,12,48.2,6.39642857142857,405,476,1,3,3,5,0,8,10,20,51.8,0,0,2,0,1.0
0,959715,2015-11-28 15:00:00,167,18,2 : 0,3 : 1,7.36214285714286,312,390,6,9,1,6,0,28,14,23,45.9,6.51857142857143,377,463,2,8,2,4,0,18,11,28,54.1,2,0,3,1,1.0
0,959694,2015-11-28 15:00:00,24,27,1 : 1,2 : 3,6.91307692307692,402,494,2,6,4,10,0,9,6,29,65.1,6.875,157,263,6,6,2,10,0,21,13,23,34.9,1,1,2,3,-1.0
0,959712,2015-11-28 17:30:00,14,32,1 : 1,1 : 1,6.84642857142857,171,267,2,3,2,1,0,27,5,31,31.1,6.72333333333333,494,593,4,2,4,8,0,20,7,31,68.9,1,1,1,1,0.0
0,959588,2015-11-29 12:00:00,30,15,0 : 0,0 : 0,6.84384615384615,391,497,3,4,2,4,0,15,14,38,57.7,6.80615384615385,252,360,1,1,3,4,0,23,9,30,42.3,0,0,0,0,0.0
0,959598,2015-11-29 14:05:00,29,175,1 : 0,1 : 1,6.73571428571429,342,435,3,6,8,5,0,20,15,22,60.9,6.64,191,274,0,3,4,2,0,23,16,27,39.1,1,0,1,1,0.0
0,959714,2015-11-29 16:15:00,26,259,0 : 0,1 : 0,6.89428571428572,435,534,5,2,3,8,0,24,12,33,53.7,6.54142857142857,366,449,4,0,5,7,0,22,6,23,46.3,0,0,1,0,1.0
0,959568,2015-11-29 16:15:00,168,13,1 : 1,1 : 1,6.57785714285715,270,354,1,2,4,3,0,16,8,19,36.6,6.74857142857143,547,626,4,3,5,6,0,10,6,23,63.4,1,1,1,1,0.0
0,959668,2015-12-05 12:45:00,96,167,2 : 0,2 : 0,7.50285714285714,305,413,0,4,3,1,0,17,9,23,46.5,6.38071428571429,334,462,1,4,6,6,0,27,10,41,53.5,2,0,2,0,1.0
0,959638,2015-12-05 15:00:00,32,29,0 : 0,0 : 0,6.78428571428572,412,496,9,1,11,6,0,18,10,30,62.6,7.07,222,302,2,2,5,2,0,27,13,18,37.4,0,0,0,0,0.0
0,959658,2015-12-05 15:00:00,18,24,0 : 1,1 : 1,6.75214285714286,438,539,6,5,12,10,0,25,4,26,63.1,6.765,236,332,3,2,4,4,0,12,9,23,36.9,0,1,1,1,0.0
0,959677,2015-12-05 15:00:00,259,14,0 : 2,0 : 3,6.58285714285714,447,543,0,2,8,3,0,20,3,23,59.0,7.42923076923077,278,386,6,5,5,8,0,19,19,23,41.0,0,2,0,3,-1.0
0,959581,2015-12-05 15:00:00,175,30,1 : 1,1 : 1,6.79,192,286,4,4,3,3,0,15,13,24,35.4,6.78769230769231,458,559,4,3,2,6,0,15,10,20,64.6,1,1,1,1,0.0
0,959608,2015-12-05 15:00:00,13,16,1 : 1,3 : 1,7.215,618,712,5,7,4,3,0,20,7,12,72.5,6.44928571428571,186,257,1,4,6,2,0,13,11,17,27.5,1,1,3,1,1.0
0,959571,2015-12-05 15:00:00,27,168,1 : 0,2 : 0,7.10642857142857,258,385,3,7,4,4,0,11,11,38,50.4,6.30642857142857,244,373,2,1,4,1,0,9,10,31,49.6,1,0,2,0,1.0
0,959618,2015-12-05 17:30:00,15,183,0 : 0,0 : 1,6.895,445,524,4,6,9,11,0,21,10,24,62.9,7.38916666666667,237,323,6,5,4,4,0,19,13,22,37.1,0,0,0,1,-1.0
0,959648,2015-12-06 16:00:00,23,26,0 : 0,2 : 0,7.04214285714286,264,389,1,1,4,2,0,26,6,22,39.8,6.43285714285714,447,574,2,1,7,7,0,26,10,33,60.2,0,0,2,0,1.0
0,959628,2015-12-07 20:00:00,31,162,0 : 0,1 : 1,7.055,439,526,7,4,8,13,0,24,4,18,62.0,7.09769230769231,251,331,1,5,8,6,0,25,11,18,38.0,0,0,1,1,0.0
0,959651,2015-12-12 12:45:00,168,31,0 : 1,1 : 1,6.49769230769231,308,402,2,2,5,5,0,18,9,17,41.4,6.72307692307692,477,572,2,3,10,4,0,11,6,26,58.6,0,1,1,1,0.0
0,959611,2015-12-12 15:00:00,162,18,1 : 0,1 : 0,7.22153846153846,190,296,4,5,3,8,0,17,11,29,43.8,6.53,296,397,4,3,8,5,0,14,13,24,56.2,1,0,1,0,1.0
0,959661,2015-12-12 15:00:00,16,27,0 : 1,0 : 1,6.49714285714286,303,415,1,2,11,8,0,8,6,21,48.6,7.31307692307692,339,464,3,8,2,3,0,19,9,20,51.4,0,1,0,1,-1.0
0,959641,2015-12-12 15:00:00,167,259,1 : 0,2 : 1,6.95214285714286,496,557,4,5,4,5,0,15,13,15,53.0,6.58857142857143,431,492,3,7,3,5,0,16,15,22,47.0,1,0,2,1,1.0
0,959680,2015-12-12 15:00:00,29,96,0 : 0,0 : 0,7.16769230769231,247,335,8,10,6,11,0,15,7,24,46.7,6.99857142857143,296,397,5,3,4,7,0,21,9,22,53.3,0,0,0,0,0.0
0,959601,2015-12-12 17:30:00,183,32,1 : 1,2 : 1,7.15076923076923,300,370,0,5,6,5,0,27,12,17,43.5,6.47857142857143,389,474,3,5,3,7,0,23,12,28,56.5,1,1,2,1,1.0
0,959591,2015-12-13 13:30:00,24,13,0 : 2,0 : 2,6.30214285714286,356,427,4,2,12,5,0,16,8,15,45.8,6.94857142857143,440,522,1,4,3,5,0,18,7,18,54.2,0,2,0,2,-1.0
0,959671,2015-12-13 16:00:00,30,23,1 : 0,1 : 2,6.61692307692308,364,477,5,8,7,6,0,18,13,40,58.3,6.88571428571429,219,335,2,4,2,2,0,25,14,30,41.7,1,0,1,2,-1.0
0,959631,2015-12-13 16:00:00,26,175,1 : 1,2 : 2,6.78142857142857,529,642,9,8,11,4,0,17,7,21,70.4,6.865,171,270,0,2,2,4,0,9,10,16,29.6,1,1,2,2,0.0
0,959621,2015-12-14 20:00:00,14,15,1 : 0,2 : 1,7.11571428571428,164,275,1,5,3,1,0,26,16,26,34.4,6.70571428571428,420,522,4,4,3,8,0,14,8,41,65.6,1,0,2,1,1.0
0,959708,2015-12-19 15:00:00,32,168,0 : 1,1 : 2,6.6275,499,605,3,2,6,11,0,17,4,33,69.2,6.92714285714286,197,283,0,4,2,0,0,15,10,19,30.8,0,1,1,2,-1.0
0,959565,2015-12-19 15:00:00,18,30,0 : 2,0 : 2,6.45642857142857,277,386,5,4,2,4,0,24,18,29,51.0,7.25714285714286,278,383,3,5,4,7,0,20,9,30,49.0,0,2,0,2,-1.0
0,959702,2015-12-19 15:00:00,31,14,1 : 1,2 : 3,6.61076923076923,416,538,3,5,5,10,0,13,6,27,67.4,7.13642857142857,167,272,0,5,5,2,0,30,14,24,32.6,1,1,2,3,-1.0
0,959695,2015-12-19 15:00:00,15,16,2 : 0,3 : 1,7.11357142857143,489,577,4,7,6,2,0,17,12,26,67.2,6.52142857142857,194,280,2,3,6,2,0,27,12,22,32.8,2,0,3,1,1.0
0,959575,2015-12-19 15:00:00,96,162,0 : 1,1 : 2,6.63615384615385,377,469,11,5,10,7,0,17,6,27,58.4,6.75642857142857,241,342,2,3,7,3,0,16,12,26,41.6,0,1,1,2,-1.0
0,959605,2015-12-19 15:00:00,175,183,0 : 0,1 : 2,6.33,183,257,3,2,2,4,0,10,12,25,32.6,6.95428571428572,490,552,5,6,5,8,0,12,9,25,67.4,0,0,1,2,-1.0
0,959560,2015-12-19 17:30:00,23,24,1 : 0,1 : 1,6.83071428571429,249,370,0,4,4,3,0,26,9,29,47.2,7.05833333333333,311,414,0,7,3,7,0,22,14,28,52.8,1,0,1,1,0.0
0,959595,2015-12-20 13:30:00,27,26,2 : 0,3 : 0,7.30714285714286,144,268,1,5,0,7,0,28,6,30,35.1,6.18214285714286,376,500,4,4,4,9,0,19,9,27,64.9,2,0,3,0,1.0
0,959585,2015-12-20 16:00:00,259,29,0 : 0,0 : 0,6.78857142857143,572,678,11,2,9,8,0,18,6,36,72.7,6.82285714285714,162,239,3,2,6,9,0,13,9,16,27.3,0,0,0,0,0.0
0,959688,2015-12-21 20:00:00,13,167,2 : 0,2 : 1,7.06928571428571,300,386,0,5,3,4,0,20,5,18,37.3,6.66714285714286,571,648,6,6,8,8,0,19,16,18,62.7,2,0,2,1,1.0
0,959683,2015-12-26 12:45:00,96,32,2 : 0,2 : 0,7.34428571428572,237,334,2,3,8,1,0,24,13,21,41.5,6.16153846153846,350,453,2,6,3,12,0,16,16,27,58.5,2,0,2,0,1.0
0,959655,2015-12-26 15:00:00,167,16,3 : 0,4 : 1,7.31,542,615,4,9,6,6,0,15,10,22,66.4,6.37714285714286,238,306,0,3,8,1,0,20,11,9,33.6,3,0,4,1,1.0
0,959615,2015-12-26 15:00:00,24,29,0 : 1,1 : 1,6.87846153846154,354,431,2,8,5,9,0,18,14,28,59.1,6.83857142857143,222,309,2,4,4,6,0,21,13,23,40.9,0,1,1,1,0.0
0,959698,2015-12-26 15:00:00,30,168,2 : 0,3 : 0,7.38857142857143,428,533,2,10,3,9,0,18,4,25,59.8,6.32642857142857,266,354,1,3,7,4,0,18,13,36,40.2,2,0,3,0,1.0
0,959691,2015-12-26 15:00:00,259,175,1 : 0,1 : 0,6.91571428571429,403,513,2,2,3,0,0,15,10,19,55.5,6.34,282,386,3,3,3,7,0,14,13,36,44.5,1,0,1,0,1.0
0,959635,2015-12-26 15:00:00,15,27,1 : 1,2 : 2,6.61307692307692,454,544,7,2,8,9,0,21,7,26,62.4,6.58357142857143,243,327,5,2,5,4,0,29,15,16,37.6,1,1,2,2,0.0
0,959625,2015-12-26 15:00:00,183,162,0 : 0,0 : 0,7.08071428571429,366,464,2,4,4,8,0,26,10,24,55.2,6.87142857142857,263,369,3,1,4,9,0,18,13,22,44.8,0,0,0,0,0.0
0,959645,2015-12-26 15:00:00,26,14,0 : 0,1 : 0,7.21428571428571,391,517,9,5,12,7,0,18,11,35,64.8,6.68,159,278,1,3,3,6,0,21,8,34,35.2,0,0,1,0,1.0
0,959665,2015-12-26 17:30:00,23,31,0 : 0,0 : 1,6.64,287,365,3,1,6,3,0,23,16,15,40.9,7.22,456,517,8,7,5,7,0,18,12,11,59.1,0,0,0,1,-1.0
0,959674,2015-12-26 19:45:00,18,13,1 : 0,4 : 0,7.46428571428571,231,312,4,5,5,3,0,22,10,21,35.2,6.14428571428572,487,571,0,5,3,4,0,11,9,25,64.8,1,0,4,0,1.0
0,959582,2015-12-28 15:00:00,31,96,1 : 2,3 : 4,6.84230769230769,409,481,6,3,6,6,0,19,10,20,51.3,6.86714285714286,406,472,2,5,1,2,0,21,12,15,48.7,1,2,3,4,-1.0
0,959572,2015-12-28 15:00:00,162,259,0 : 0,0 : 0,6.74428571428572,303,407,2,2,6,7,0,12,11,32,53.6,6.68714285714286,279,373,2,3,0,4,0,11,16,24,46.4,0,0,0,0,0.0
0,959612,2015-12-28 15:00:00,168,24,1 : 0,2 : 0,7.14714285714286,253,361,1,4,4,3,0,20,10,10,48.2,6.36642857142857,295,383,1,3,2,8,0,20,21,25,51.8,1,0,2,0,1.0
0,959632,2015-12-28 15:00:00,27,30,1 : 1,1 : 2,6.50142857142857,188,312,4,1,4,5,0,15,11,25,37.5,6.89714285714286,410,525,0,3,7,3,0,12,13,35,62.5,1,1,1,2,-1.0
0,959642,2015-12-28 15:00:00,175,23,0 : 0,1 : 0,7.23642857142857,260,343,12,5,5,18,0,20,7,25,51.7,6.65785714285714,264,334,2,2,3,6,0,15,13,15,48.3,0,0,1,0,1.0
0,959602,2015-12-28 17:30:00,32,15,0 : 0,0 : 0,6.74285714285714,549,617,5,2,5,5,0,21,16,18,66.8,6.96153846153846,222,312,0,3,5,3,0,26,6,19,33.2,0,0,0,0,0.0
0,959562,2015-12-28 17:30:00,13,183,1 : 0,2 : 0,7.27857142857143,453,530,2,6,4,9,0,18,7,14,51.4,6.47785714285714,433,516,4,3,3,3,0,20,8,18,48.6,1,0,2,0,1.0
0,959652,2015-12-28 17:30:00,29,18,0 : 1,2 : 1,6.93571428571428,300,408,1,5,7,4,0,23,6,24,49.1,6.51357142857143,304,409,3,3,8,7,0,21,12,33,50.9,0,1,2,1,1.0
0,959592,2015-12-29 19:45:00,14,167,0 : 0,0 : 0,6.925,205,329,0,4,7,1,0,14,11,28,39.3,6.94714285714286,380,498,7,5,9,13,0,18,8,27,60.7,0,0,0,0,0.0
0,959622,2015-12-30 19:45:00,16,26,0 : 0,0 : 1,6.59,216,326,2,3,3,6,0,13,8,37,42.3,6.965,337,465,4,6,7,4,0,16,16,32,57.7,0,0,0,1,-1.0
0,959584,2016-01-02 12:45:00,29,26,1 : 0,2 : 0,7.56785714285714,189,285,3,10,5,3,0,22,11,21,35.6,6.55,390,501,12,2,9,9,0,18,8,29,64.4,1,0,2,0,1.0
0,959696,2016-01-02 15:00:00,32,259,0 : 0,2 : 1,7.06428571428571,430,515,8,6,5,4,0,19,14,24,54.7,6.60071428571428,336,430,2,4,3,2,0,16,10,20,45.3,0,0,2,1,1.0
0,959662,2016-01-02 15:00:00,13,23,0 : 0,1 : 0,7.12142857142857,398,468,2,3,10,7,0,19,10,22,51.0,6.88769230769231,386,454,4,6,5,4,0,20,9,15,49.0,0,0,1,0,1.0
0,959689,2016-01-02 15:00:00,14,183,0 : 0,0 : 0,6.71785714285714,377,479,2,2,12,7,0,18,9,30,53.5,7.01153846153846,324,426,5,0,4,1,1,24,5,22,46.5,0,0,0,0,0.0
0,959709,2016-01-02 15:00:00,16,24,1 : 0,3 : 1,6.98285714285714,281,381,3,5,5,3,0,21,8,27,44.9,6.46428571428571,370,470,0,3,5,3,0,14,13,25,55.1,1,0,3,1,1.0
0,959574,2016-01-02 15:00:00,175,96,0 : 0,2 : 1,6.88076923076923,265,360,6,5,6,4,0,16,7,24,45.7,6.47857142857143,336,429,5,3,2,6,0,13,15,22,54.3,0,0,2,1,1.0
0,959703,2016-01-02 15:00:00,168,18,0 : 0,1 : 0,6.96714285714286,246,356,2,1,7,4,0,9,9,21,41.6,6.40214285714286,379,494,1,4,5,9,0,19,7,20,58.4,0,0,1,0,1.0
0,959564,2016-01-02 17:30:00,27,167,0 : 0,1 : 2,6.8125,296,410,2,4,6,4,0,18,6,37,48.5,7.02642857142857,328,436,4,5,7,5,0,28,10,30,51.5,0,0,1,2,-1.0
0,959672,2016-01-03 13:30:00,162,15,0 : 1,0 : 3,6.27071428571429,274,373,2,4,2,5,0,17,12,25,39.8,7.42538461538461,488,593,4,4,2,7,0,23,15,21,60.2,0,1,0,3,-1.0
0,959681,2016-01-03 16:00:00,31,30,1 : 1,1 : 1,7.05230769230769,310,406,5,3,4,4,0,21,8,16,40.8,6.77357142857143,505,599,11,4,4,4,0,18,11,23,59.2,1,1,1,1,0.0
0,959604,2016-01-12 19:45:00,183,29,1 : 0,1 : 3,6.44642857142857,311,413,4,4,3,4,0,18,8,31,48.7,7.01357142857143,321,432,1,5,4,7,0,21,5,35,51.3,1,0,1,3,-1.0
0,959654,2016-01-12 19:45:00,23,32,1 : 2,3 : 3,6.7,428,514,4,6,4,5,0,27,10,22,54.2,6.81769230769231,350,432,3,4,5,3,0,22,12,23,45.8,1,2,3,3,0.0
0,959594,2016-01-12 19:45:00,24,162,0 : 0,1 : 0,7.09,342,434,7,3,3,9,0,25,15,26,51.3,6.41571428571429,313,427,1,1,7,0,0,10,9,35,48.7,0,0,1,0,1.0
0,959664,2016-01-13 19:45:00,18,27,1 : 0,2 : 0,7.33285714285714,351,458,1,7,7,9,0,22,9,16,50.6,6.39428571428572,342,465,3,1,0,1,0,11,11,20,49.4,1,0,2,0,1.0
0,959614,2016-01-13 19:45:00,259,16,2 : 1,2 : 4,6.25928571428571,367,451,2,5,3,8,0,11,9,21,51.2,6.92857142857143,355,430,0,4,3,6,0,22,12,13,48.8,2,1,2,4,-1.0
0,959644,2016-01-13 19:45:00,167,31,0 : 0,0 : 0,7.10333333333333,487,544,10,5,7,12,0,16,5,17,55.0,6.99769230769231,411,468,2,2,3,5,0,14,6,7,45.0,0,0,0,0,0.0
0,959673,2016-01-13 19:45:00,96,168,0 : 0,3 : 1,6.98214285714286,552,621,3,4,7,7,0,21,5,16,64.4,6.29785714285714,270,348,0,2,3,3,0,10,8,25,35.6,0,0,3,1,1.0
0,959634,2016-01-13 19:45:00,15,175,1 : 1,2 : 2,6.69769230769231,430,528,4,2,8,7,0,13,13,21,61.1,6.755,211,317,2,5,6,7,0,21,8,17,38.9,1,1,2,2,0.0
0,959682,2016-01-13 20:00:00,30,14,0 : 0,0 : 1,6.63857142857143,358,454,11,5,5,16,0,14,13,34,61.7,7.16642857142857,180,293,5,2,3,8,0,28,10,18,38.3,0,0,0,1,-1.0
0,959624,2016-01-13 20:00:00,26,13,2 : 2,3 : 3,6.92928571428571,423,535,10,6,6,9,0,21,9,32,59.5,6.86071428571429,271,378,4,5,5,3,0,20,7,10,40.5,2,2,3,3,0.0
0,959603,2016-01-16 12:45:00,30,16,1 : 1,4 : 1,7.24928571428571,521,621,6,11,9,11,0,18,8,24,66.6,6.25571428571429,210,316,1,2,2,3,0,19,13,22,33.4,1,1,4,1,1.0
0,959563,2016-01-16 15:00:00,23,29,2 : 0,2 : 1,7.07,371,457,5,10,8,4,0,24,9,27,50.7,6.64142857142857,351,436,2,3,5,3,0,23,4,25,49.3,2,0,2,1,1.0
0,959704,2016-01-16 15:00:00,15,31,0 : 0,3 : 3,6.92428571428572,494,569,4,7,3,6,0,26,12,12,54.9,6.84571428571429,391,477,2,4,3,4,0,18,5,15,45.1,0,0,3,3,0.0
0,959573,2016-01-16 15:00:00,18,175,2 : 0,3 : 0,7.315,375,465,2,5,2,1,0,14,10,21,55.8,6.23428571428571,260,355,3,0,7,3,0,16,11,22,44.2,2,0,3,0,1.0
0,959559,2016-01-16 15:00:00,167,162,2 : 0,4 : 0,7.625,405,490,7,4,6,5,0,22,10,15,52.8,6.135,330,426,1,3,5,6,0,24,11,27,47.2,2,0,4,0,1.0
0,959697,2016-01-16 15:00:00,183,168,1 : 0,3 : 0,7.49428571428572,261,353,1,8,6,5,0,19,8,28,45.4,6.22214285714286,330,418,4,3,3,3,0,21,13,26,54.6,1,0,3,0,1.0
0,959690,2016-01-16 17:30:00,24,14,0 : 1,1 : 1,6.98230769230769,388,500,4,5,5,3,1,18,13,30,56.5,6.68714285714286,285,398,2,5,5,4,0,20,15,23,43.5,0,1,1,1,0.0
0,959710,2016-01-17 14:05:00,26,32,0 : 0,0 : 1,6.70857142857143,366,491,5,4,10,5,0,36,6,21,53.3,7.07785714285714,315,431,1,1,5,4,0,26,18,27,46.7,0,0,0,1,-1.0
0,959583,2016-01-17 16:15:00,96,13,0 : 0,0 : 0,6.78142857142857,309,406,5,6,3,6,0,9,16,27,45.0,7.07076923076923,386,495,4,3,1,6,0,11,10,19,55.0,0,0,0,0,0.0
0,959593,2016-01-18 20:00:00,259,27,1 : 0,1 : 0,7.05285714285714,400,501,4,2,4,6,0,17,8,25,56.7,6.72,271,378,3,2,7,3,0,32,11,31,43.3,1,0,1,0,1.0
0,959663,2016-01-23 12:45:00,168,26,2 : 1,4 : 5,6.67285714285714,282,401,1,5,0,3,0,20,10,32,47.9,7.02571428571429,332,445,4,7,2,3,0,22,14,27,52.1,2,1,4,5,-1.0
0,959577,2016-01-23 15:00:00,175,24,0 : 0,0 : 0,6.86071428571429,188,279,1,0,3,3,0,17,7,23,39.4,6.97153846153846,352,445,4,4,7,6,0,21,13,22,60.6,0,0,0,0,0.0
0,959643,2016-01-23 15:00:00,14,96,1 : 0,3 : 0,7.47307692307692,260,359,3,5,7,8,0,19,10,33,45.2,6.23714285714286,334,441,1,2,0,4,0,20,13,27,54.8,1,0,3,0,1.0
0,959653,2016-01-23 15:00:00,32,18,0 : 0,0 : 1,6.42714285714286,331,457,2,1,5,4,0,9,11,35,55.4,7.19214285714286,237,361,0,2,5,4,0,18,8,29,44.6,0,0,0,1,-1.0
0,959561,2016-01-23 15:00:00,16,183,1 : 1,1 : 1,6.76307692307692,270,377,4,5,1,3,0,20,5,23,42.7,6.92142857142857,427,505,3,5,7,4,0,23,9,28,57.3,1,1,1,1,0.0
0,959623,2016-01-23 15:00:00,162,30,1 : 0,1 : 3,6.62076923076923,193,290,5,3,3,3,0,22,11,25,36.1,7.28785714285714,436,533,7,11,6,10,0,17,12,29,63.9,1,0,1,3,-1.0
0,959567,2016-01-23 15:00:00,27,23,0 : 0,2 : 1,7.17571428571429,356,473,1,5,7,2,0,31,10,26,51.3,6.53642857142857,310,431,1,2,8,7,0,18,12,19,48.7,0,0,2,1,1.0
0,959587,2016-01-23 17:30:00,29,167,1 : 1,2 : 2,6.74071428571428,297,401,2,3,5,5,0,23,11,21,46.7,6.79928571428571,376,474,9,3,4,2,0,16,15,23,53.3,1,1,2,2,0.0
0,959633,2016-01-24 13:30:00,31,259,1 : 2,1 : 2,6.59214285714286,491,592,7,2,11,7,0,16,5,25,59.7,6.79428571428572,326,422,1,5,1,1,0,15,12,13,40.3,1,2,1,2,-1.0
0,959613,2016-01-24 16:00:00,13,15,0 : 1,0 : 1,6.58428571428571,385,466,1,1,7,6,0,17,14,22,46.6,7.10846153846154,472,549,3,6,3,7,0,23,13,19,53.4,0,1,0,1,-1.0
0,959607,2016-02-02 19:45:00,14,26,0 : 0,2 : 0,7.29857142857143,207,325,3,6,4,3,0,16,6,23,36.1,6.635,438,566,8,1,5,12,0,30,7,31,63.9,0,0,2,0,1.0
0,959617,2016-02-02 19:45:00,168,30,0 : 2,0 : 3,6.06307692307692,255,355,2,3,6,6,0,17,8,31,45.8,7.34214285714286,319,426,2,6,9,8,0,24,9,23,54.2,0,2,0,3,-1.0
0,959597,2016-02-02 19:45:00,13,18,0 : 0,0 : 0,7.25076923076923,439,535,5,11,6,13,0,23,11,18,66.7,7.16714285714286,179,274,7,3,4,3,0,32,19,27,33.3,0,0,0,0,0.0
0,959627,2016-02-02 19:45:00,16,167,0 : 1,0 : 1,6.64642857142857,291,411,3,3,5,8,0,33,6,26,49.6,7.11785714285714,323,431,2,2,3,4,0,21,15,20,50.4,0,1,0,1,-1.0
0,959647,2016-02-02 19:45:00,29,24,0 : 0,2 : 0,7.31714285714286,578,657,3,6,16,5,0,16,9,17,68.0,6.40307692307692,210,303,2,2,1,5,0,20,11,15,32.0,0,0,2,0,1.0
0,959676,2016-02-02 20:00:00,175,259,0 : 0,1 : 1,6.91,273,373,3,7,7,7,0,14,12,22,45.3,6.95785714285714,381,481,6,4,8,7,0,10,13,13,54.7,0,0,1,1,0.0
0,959667,2016-02-02 20:00:00,32,96,2 : 0,3 : 0,7.46714285714286,379,461,5,5,5,2,0,21,13,19,46.9,6.16615384615385,428,519,3,0,7,5,0,12,13,22,53.1,2,0,3,0,1.0
0,959657,2016-02-02 20:00:00,162,183,1 : 1,1 : 2,6.64785714285714,289,384,5,3,6,5,0,11,11,32,50.6,6.65642857142857,287,386,2,4,2,3,0,16,15,24,49.4,1,1,1,2,-1.0
0,959637,2016-02-03 19:45:00,27,15,0 : 0,0 : 0,7.08071428571429,348,449,7,3,2,7,0,20,10,27,45.0,7.12416666666667,460,555,5,4,3,7,0,22,13,15,55.0,0,0,0,0,0.0
0,959685,2016-02-03 19:45:00,31,23,1 : 0,3 : 0,7.66333333333333,389,480,3,7,8,3,0,30,8,30,55.8,6.10142857142857,279,372,2,3,2,3,0,21,15,28,44.2,1,0,3,0,1.0
0,959576,2016-02-06 12:45:00,167,14,0 : 1,1 : 3,6.67071428571429,481,565,6,4,12,11,0,14,9,40,65.9,7.30714285714286,190,296,2,7,5,4,0,27,15,15,34.1,0,1,1,3,-1.0
0,959693,2016-02-06 15:00:00,24,168,1 : 0,2 : 0,7.38583333333333,286,386,3,2,5,2,0,16,10,23,48.3,6.33714285714286,296,400,3,5,5,11,0,20,11,35,51.7,1,0,2,0,1.0
0,959586,2016-02-06 15:00:00,23,175,1 : 0,1 : 0,7.18076923076923,424,506,7,7,5,8,0,13,12,25,68.9,6.58,138,228,4,0,3,4,0,18,12,19,31.1,1,0,1,0,1.0
0,959626,2016-02-06 15:00:00,30,27,0 : 0,1 : 0,7.12285714285714,454,555,8,8,9,15,0,14,12,22,65.9,6.82071428571429,191,297,1,0,2,1,0,23,9,32,34.1,0,0,1,0,1.0
0,959616,2016-02-06 15:00:00,259,162,1 : 0,1 : 1,6.79142857142857,373,465,7,3,8,9,0,26,11,34,58.5,6.90142857142857,241,336,4,2,6,5,0,22,14,20,41.5,1,0,1,1,0.0
0,959606,2016-02-06 15:00:00,96,31,0 : 3,0 : 3,6.175,527,616,4,3,5,6,0,13,11,25,65.5,7.47142857142857,239,326,5,6,3,4,0,25,8,23,34.5,0,3,0,3,-1.0
0,959566,2016-02-06 15:00:00,26,16,0 : 0,2 : 2,6.76714285714286,576,692,4,5,7,7,0,16,4,30,71.3,6.62142857142857,175,282,1,2,4,2,0,19,12,23,28.7,0,0,2,2,0.0
0,959596,2016-02-06 17:30:00,18,29,1 : 0,1 : 0,6.94714285714286,213,280,3,2,3,4,0,19,17,16,35.2,6.43357142857143,441,503,10,2,6,5,0,19,10,27,64.8,1,0,1,0,1.0
0,959700,2016-02-07 13:30:00,183,13,0 : 2,0 : 2,6.48428571428571,391,485,6,4,7,7,0,22,6,34,50.7,7.26714285714286,393,487,3,5,2,3,0,19,8,17,49.3,0,2,0,2,-1.0
0,959706,2016-02-07 16:00:00,15,32,0 : 0,1 : 1,6.88285714285714,326,413,5,5,6,10,0,23,6,25,49.3,6.91357142857143,350,435,4,7,6,11,0,20,9,29,50.7,0,0,1,1,0.0
0,959705,2016-02-13 12:45:00,16,32,1 : 1,2 : 1,6.93928571428571,158,251,6,5,10,6,0,16,7,18,33.7,6.47857142857143,411,501,5,6,1,8,0,17,15,20,66.3,1,1,2,1,1.0
0,959711,2016-02-13 15:00:00,259,18,0 : 0,0 : 1,6.54714285714286,368,466,3,2,8,5,0,11,10,23,54.4,7.065,303,401,5,5,4,4,0,11,12,31,45.6,0,0,0,1,-1.0
0,959699,2016-02-13 15:00:00,168,29,0 : 0,2 : 2,6.68642857142857,242,376,3,3,7,3,0,21,16,20,48.4,6.79142857142857,293,401,0,6,5,3,0,14,11,27,51.6,0,0,2,2,0.0
0,959684,2016-02-13 15:00:00,31,175,0 : 1,0 : 1,6.73071428571429,557,644,15,6,12,14,0,14,10,23,75.9,7.13428571428572,123,215,1,1,3,1,0,17,12,12,24.1,0,1,0,1,-1.0
0,959675,2016-02-13 15:00:00,162,27,1 : 1,1 : 2,6.71230769230769,279,384,2,5,8,8,0,18,16,35,53.9,7.02923076923077,227,344,4,4,2,3,0,30,14,26,46.1,1,1,1,2,-1.0
0,959656,2016-02-13 15:00:00,183,96,0 : 1,1 : 3,6.315,471,550,5,2,4,9,0,15,7,22,65.7,7.14285714285714,221,290,1,6,4,2,0,16,18,22,34.3,0,1,1,3,-1.0
0,959666,2016-02-13 17:30:00,15,23,3 : 0,5 : 1,7.43785714285714,465,555,3,7,4,8,0,21,11,15,54.9,5.985,367,452,5,3,2,5,0,14,16,23,45.1,3,0,5,1,1.0
0,959636,2016-02-14 12:00:00,13,14,0 : 1,2 : 1,7.205,578,671,6,6,12,11,0,17,9,29,72.1,6.82357142857143,160,269,0,3,4,1,0,37,10,15,27.9,0,1,2,1,1.0
0,959646,2016-02-14 14:05:00,24,26,0 : 2,0 : 6,5.87428571428571,325,410,1,1,4,0,0,19,10,16,39.3,7.85857142857143,540,635,1,9,1,6,0,24,9,18,60.7,0,2,0,6,-1.0
0,959692,2016-02-14 16:15:00,167,30,0 : 0,1 : 2,6.74769230769231,370,468,8,4,7,7,0,26,12,30,46.0,6.99571428571429,463,564,1,3,2,1,0,33,17,17,54.0,0,0,1,2,-1.0
0,959872,2016-02-27 12:45:00,29,16,1 : 0,1 : 0,6.99071428571429,296,417,0,3,6,5,0,17,11,26,52.8,6.69666666666667,246,377,3,4,6,6,0,26,9,39,47.2,1,0,1,0,1.0
0,959713,2016-02-27 15:00:00,14,168,0 : 0,1 : 0,6.95785714285714,333,462,5,3,5,3,0,14,9,29,58.1,6.64714285714286,231,337,3,1,5,4,0,17,11,27,41.9,0,0,1,0,1.0
0,959856,2016-02-27 15:00:00,96,24,0 : 0,2 : 1,6.78714285714286,391,492,2,3,6,11,0,10,7,26,55.3,6.5,305,408,0,1,4,0,0,15,15,20,44.7,0,0,2,1,1.0
0,959852,2016-02-27 15:00:00,18,15,1 : 0,1 : 2,6.45642857142857,256,338,2,2,3,7,0,14,10,13,34.6,6.92428571428572,576,660,3,4,9,8,0,13,11,13,65.4,1,0,1,2,-1.0
0,959864,2016-02-27 15:00:00,27,183,0 : 0,0 : 0,6.82230769230769,207,313,4,1,9,4,0,14,14,21,46.9,6.93642857142857,258,350,4,3,4,5,0,20,16,28,53.1,0,0,0,0,0.0
0,959868,2016-02-27 17:30:00,175,162,3 : 0,3 : 2,6.89357142857143,266,370,1,5,5,3,0,14,14,20,46.1,6.54571428571429,307,427,5,2,8,6,0,11,16,16,53.9,3,0,3,2,1.0
0,959844,2016-02-28 14:05:00,32,13,2 : 1,3 : 2,6.78285714285714,265,347,1,5,1,2,0,24,21,18,38.9,6.52142857142857,457,543,3,5,5,3,0,14,15,26,61.1,2,1,3,2,1.0
0,959860,2016-02-28 14:05:00,30,259,0 : 1,2 : 1,7.05785714285714,349,450,6,15,13,7,0,11,11,35,57.2,6.81285714285714,218,335,4,4,2,7,0,18,14,13,42.8,0,1,2,1,1.0
0,959892,2016-03-01 19:45:00,168,15,0 : 2,1 : 2,6.60769230769231,346,447,4,2,7,4,0,13,17,27,47.0,7.01142857142857,427,520,4,2,4,4,0,22,5,14,53.0,0,2,1,2,-1.0
0,959896,2016-03-01 19:45:00,16,162,1 : 0,2 : 2,6.84714285714286,329,427,4,6,7,4,0,17,11,29,59.2,6.72571428571429,192,293,4,5,4,5,0,13,14,16,40.8,1,0,2,2,0.0
0,959880,2016-03-01 19:45:00,24,31,0 : 2,1 : 3,6.66461538461538,374,457,5,5,4,9,0,19,8,26,46.8,7.18214285714286,442,537,2,7,1,8,0,20,7,16,53.2,0,2,1,3,-1.0
0,959884,2016-03-01 19:45:00,183,18,1 : 0,2 : 0,7.06214285714286,244,336,3,4,2,10,0,12,11,24,45.4,6.32642857142857,327,424,2,1,3,2,0,13,18,29,54.6,1,0,2,0,1.0
0,959888,2016-03-01 19:45:00,14,175,2 : 1,2 : 2,6.91571428571429,375,488,7,4,11,11,0,23,10,26,65.0,6.76714285714286,168,273,2,3,6,3,0,14,8,27,35.0,2,1,2,2,0.0
0,959876,2016-03-02 19:45:00,13,259,1 : 1,1 : 2,6.79153846153846,536,621,6,4,7,7,0,28,8,22,62.6,6.79642857142857,292,369,4,2,5,3,0,19,11,16,37.4,1,1,1,2,-1.0
0,959838,2016-03-02 19:45:00,96,23,0 : 0,1 : 0,7.05214285714286,369,459,2,2,5,5,0,29,11,16,55.3,6.655,283,373,1,3,1,1,0,18,6,26,44.7,0,0,1,0,1.0
0,959900,2016-03-02 19:45:00,29,30,1 : 0,1 : 0,7.12,151,266,5,3,6,6,0,19,10,33,34.9,6.53785714285714,368,502,0,3,6,3,0,32,11,29,65.1,1,0,1,0,1.0
0,959903,2016-03-02 20:00:00,26,167,2 : 0,3 : 0,7.51571428571429,359,468,1,7,3,3,0,34,14,18,49.6,6.42857142857143,356,470,1,1,2,2,0,27,14,24,50.4,2,0,3,0,1.0
0,959905,2016-03-02 20:00:00,32,27,0 : 0,1 : 0,6.99,395,504,5,3,6,9,0,21,7,26,61.3,6.62928571428571,209,307,3,4,6,7,0,26,17,15,38.7,0,0,1,0,1.0
0,959870,2016-03-05 12:45:00,30,13,0 : 1,2 : 2,6.89071428571429,317,423,8,11,7,9,0,30,10,34,51.8,6.89857142857143,295,414,4,4,2,2,0,25,10,28,48.2,0,1,2,2,0.0
0,959850,2016-03-05 15:00:00,31,29,1 : 0,2 : 3,6.66214285714286,274,343,5,8,2,9,0,19,12,13,41.6,7.16214285714286,416,476,5,5,7,6,1,23,13,14,58.4,1,0,2,3,-1.0
0,959854,2016-03-05 15:00:00,167,24,0 : 0,4 : 0,7.63214285714286,739,811,3,9,10,9,0,17,10,16,71.2,6.09428571428571,251,328,1,1,0,1,0,23,10,10,28.8,0,0,4,0,1.0
0,959862,2016-03-05 15:00:00,18,16,0 : 0,1 : 1,6.76357142857143,392,496,7,5,4,12,0,10,9,19,65.1,6.77357142857143,148,265,4,3,4,2,0,12,9,19,34.9,0,0,1,1,0.0
0,959842,2016-03-05 15:00:00,15,96,1 : 0,1 : 1,6.76071428571429,357,441,5,7,8,8,0,18,9,21,48.7,6.87714285714286,388,477,4,5,8,4,0,21,10,23,51.3,1,0,1,1,0.0
0,959858,2016-03-05 15:00:00,23,183,0 : 1,1 : 3,6.58857142857143,325,433,6,3,5,5,0,26,14,19,49.3,7.25642857142857,341,448,7,5,4,4,0,20,8,29,50.7,0,1,1,3,-1.0
0,959866,2016-03-05 15:00:00,259,168,0 : 0,1 : 0,6.99928571428571,310,428,2,3,5,5,0,20,14,32,55.8,6.72142857142857,233,341,2,3,3,0,0,15,15,21,44.2,0,0,1,0,1.0
0,959874,2016-03-05 17:30:00,27,14,0 : 0,0 : 1,6.91428571428571,301,413,3,4,4,3,0,27,10,23,50.2,7.15142857142857,307,415,0,7,7,8,0,26,11,24,49.8,0,0,0,1,-1.0
0,959846,2016-03-06 13:30:00,162,26,0 : 0,1 : 2,6.52071428571428,230,342,4,4,6,6,0,13,12,19,38.5,6.85,467,564,8,5,6,6,0,23,16,14,61.5,0,0,1,2,-1.0
0,959878,2016-03-06 16:00:00,175,32,0 : 0,1 : 0,6.96,309,439,4,2,3,4,0,19,8,29,46.6,6.51642857142857,364,503,4,1,2,5,0,28,7,19,53.4,0,0,1,0,1.0
0,959839,2016-03-12 12:45:00,168,167,0 : 0,0 : 0,6.87357142857143,221,319,1,0,4,4,0,27,15,23,33.9,7.01214285714286,528,625,7,3,5,8,0,21,10,21,66.1,0,0,0,0,0.0
0,959843,2016-03-12 15:00:00,96,18,0 : 2,1 : 2,6.635,438,535,4,2,7,1,0,21,13,25,60.6,6.84357142857143,252,345,2,4,5,4,0,20,12,24,39.4,0,2,1,2,-1.0
0,959890,2016-03-12 15:00:00,183,259,1 : 1,3 : 2,7.0,264,365,2,4,6,5,0,19,12,30,44.0,6.71071428571428,363,463,2,4,7,3,0,29,11,32,56.0,1,1,3,2,1.0
0,959886,2016-03-13 16:00:00,24,30,0 : 1,0 : 2,6.80846153846154,236,327,4,2,6,5,0,23,6,27,37.5,7.26714285714286,475,574,5,8,6,8,0,21,6,22,62.5,0,1,0,2,-1.0
0,959894,2016-03-14 20:00:00,14,23,1 : 0,1 : 0,7.10615384615385,357,458,6,1,3,8,0,21,4,33,49.9,6.69857142857143,350,466,5,2,5,4,0,26,9,26,50.1,1,0,1,0,1.0
0,959863,2016-03-19 12:45:00,31,13,0 : 2,0 : 2,6.39769230769231,397,506,1,2,5,7,0,24,7,27,54.3,7.36,360,449,4,3,4,5,0,20,10,19,45.7,0,2,0,2,-1.0
0,959891,2016-03-19 15:00:00,175,168,0 : 0,0 : 1,6.56214285714286,223,361,4,0,6,4,0,17,8,26,50.1,6.90142857142857,231,363,2,1,4,3,0,20,13,31,49.9,0,0,0,1,-1.0
0,959887,2016-03-19 15:00:00,27,96,0 : 1,1 : 2,6.6,327,454,1,4,4,9,0,19,10,29,52.1,7.00230769230769,315,432,1,6,2,2,0,18,14,20,47.9,0,1,1,2,-1.0
0,959855,2016-03-19 15:00:00,15,29,1 : 1,2 : 2,6.89428571428571,429,534,6,5,11,10,0,18,13,20,59.4,6.80214285714286,263,364,4,6,3,9,0,20,14,8,40.6,1,1,2,2,0.0
0,959859,2016-03-19 15:00:00,162,14,0 : 1,0 : 1,6.78642857142857,325,428,2,4,7,10,0,15,9,34,55.9,7.25714285714286,233,346,2,3,3,7,0,28,13,19,44.1,0,1,0,1,-1.0
0,959879,2016-03-19 17:30:00,259,24,0 : 0,1 : 0,7.04,389,466,3,1,6,4,0,19,9,28,53.8,6.82230769230769,284,387,6,2,4,6,0,27,10,31,46.2,0,0,1,0,1.0
0,959875,2016-03-20 13:30:00,18,26,0 : 2,3 : 2,7.175,379,466,5,5,6,3,0,18,10,13,49.2,6.65214285714286,385,485,6,8,3,5,1,11,13,23,50.8,0,2,3,2,1.0
0,959871,2016-03-20 13:30:00,23,16,0 : 1,1 : 1,6.92785714285714,341,434,2,8,7,3,0,24,14,29,59.9,6.83071428571429,198,299,3,4,7,5,0,25,7,17,40.1,0,1,1,1,0.0
0,959867,2016-03-20 16:00:00,167,32,0 : 1,0 : 1,7.01214285714286,372,454,7,3,16,11,0,21,9,28,54.5,7.05714285714286,299,398,1,4,0,5,0,26,12,27,45.5,0,1,0,1,-1.0
0,959883,2016-03-20 16:00:00,30,183,2 : 0,3 : 0,7.34785714285714,520,601,1,8,8,4,0,20,11,25,62.8,6.35928571428571,253,338,0,0,2,5,0,20,6,36,37.2,2,0,3,0,1.0
0,959899,2016-04-02 12:45:00,24,15,0 : 2,0 : 4,6.15857142857143,317,411,5,4,6,7,0,23,12,18,41.7,7.41928571428571,524,604,0,8,3,2,0,21,8,21,58.3,0,2,0,4,-1.0
0,959857,2016-04-02 15:00:00,168,23,1 : 0,3 : 2,6.87357142857143,233,344,2,6,5,6,0,11,6,19,42.7,6.63923076923077,371,475,1,5,7,5,0,12,11,31,57.3,1,0,3,2,1.0
0,959895,2016-04-02 15:00:00,13,27,2 : 0,4 : 0,7.72857142857143,681,773,3,12,4,8,0,13,7,8,69.0,6.23642857142857,233,328,1,3,3,3,0,20,10,16,31.0,2,0,4,0,1.0
0,959841,2016-04-02 15:00:00,183,167,0 : 3,0 : 4,6.13642857142857,384,459,4,2,5,4,0,17,9,23,45.6,7.60642857142857,470,557,0,7,8,4,0,27,8,18,54.4,0,3,0,4,-1.0
0,959869,2016-04-02 15:00:00,29,162,2 : 1,2 : 2,6.695,412,499,6,6,6,4,0,12,12,24,66.6,6.75153846153846,155,227,3,5,4,5,0,18,19,15,33.4,2,1,2,2,0.0
0,959865,2016-04-02 15:00:00,16,175,0 : 0,0 : 0,7.07333333333333,286,395,7,6,9,9,0,16,11,25,56.8,6.81142857142857,188,305,1,0,2,3,0,13,13,22,43.2,0,0,0,0,0.0
0,959861,2016-04-02 15:00:00,96,259,1 : 0,2 : 2,6.88615384615385,360,449,2,5,5,5,0,16,6,17,47.2,6.64714285714286,415,490,4,3,5,5,0,12,16,15,52.8,1,0,2,2,0.0
0,959849,2016-04-02 17:30:00,26,30,0 : 0,1 : 1,6.815,256,367,6,7,2,12,0,29,11,16,42.2,7.18769230769231,410,520,6,5,7,9,0,17,11,24,57.8,0,0,1,1,0.0
0,959845,2016-04-03 13:30:00,14,18,1 : 0,1 : 0,7.14,265,364,5,4,2,7,0,22,12,26,46.0,6.66285714285714,322,407,3,2,5,8,0,20,13,28,54.0,1,0,1,0,1.0
0,959853,2016-04-03 16:00:00,32,31,0 : 0,1 : 0,6.91357142857143,422,514,5,2,3,5,0,13,15,27,54.4,6.64076923076923,325,428,5,1,1,5,0,30,6,21,45.6,0,0,1,0,1.0
0,959906,2016-04-09 12:45:00,29,13,2 : 2,3 : 3,7.21166666666667,276,355,5,7,7,7,0,19,11,20,39.3,6.93071428571429,481,566,2,6,3,4,0,18,8,17,60.7,2,2,3,3,0.0
0,959904,2016-04-09 15:00:00,27,31,1 : 1,1 : 1,6.68285714285714,226,326,3,4,6,7,0,19,13,20,41.9,6.66428571428572,358,455,2,7,3,6,0,14,10,18,58.1,1,1,1,1,0.0
0,959877,2016-04-09 15:00:00,162,168,0 : 0,1 : 0,7.215,187,315,1,7,5,10,0,11,13,28,52.0,6.57928571428571,173,301,3,4,6,4,0,7,10,37,48.0,0,0,1,0,1.0
0,959897,2016-04-09 15:00:00,259,15,1 : 0,1 : 0,7.20714285714286,308,403,3,6,3,1,0,26,15,17,39.3,6.38714285714286,515,616,3,2,3,9,0,17,13,20,60.7,1,0,1,0,1.0
0,959889,2016-04-09 15:00:00,18,23,2 : 0,3 : 1,7.05357142857143,321,429,5,6,9,11,0,15,8,34,50.6,6.50642857142857,331,426,1,3,1,2,0,20,7,15,49.4,2,0,3,1,1.0
0,959873,2016-04-09 15:00:00,24,183,0 : 1,1 : 2,6.54357142857143,285,381,0,1,5,3,0,22,13,29,41.4,6.83,452,548,3,3,6,8,0,13,11,27,58.6,0,1,1,2,-1.0
0,959885,2016-04-09 17:30:00,167,175,1 : 1,2 : 1,6.75,458,548,5,4,4,8,0,11,10,20,62.1,6.68153846153846,230,316,5,2,6,8,0,21,7,20,37.9,1,1,2,1,1.0
0,959893,2016-04-10 13:30:00,16,14,0 : 0,0 : 2,6.82214285714286,229,339,6,1,8,1,0,35,9,35,44.8,7.40714285714286,289,408,2,7,7,7,0,24,9,29,55.2,0,0,0,2,-1.0
0,959901,2016-04-10 16:00:00,30,32,0 : 0,3 : 0,7.50142857142857,281,395,1,8,7,2,0,27,10,28,47.0,6.27642857142857,320,442,3,1,1,7,0,24,10,28,53.0,0,0,3,0,1.0
0,959881,2016-04-10 16:00:00,26,96,2 : 1,4 : 1,7.14928571428571,396,485,4,6,4,6,0,18,14,23,52.9,6.32214285714286,339,429,2,3,6,3,0,19,14,17,47.1,2,1,4,1,1.0
0,959753,2016-04-13 20:00:00,162,31,0 : 0,0 : 0,7.10428571428572,422,510,3,7,9,10,0,23,7,17,56.9,6.81785714285714,304,399,2,5,2,7,0,16,9,20,43.1,0,0,0,0,0.0
0,959736,2016-04-16 12:45:00,168,16,0 : 1,0 : 3,6.14285714285714,279,404,6,7,6,14,0,9,7,39,64.0,7.515,135,240,0,3,5,0,0,14,11,14,36.0,0,1,0,3,-1.0
0,959744,2016-04-16 15:00:00,175,27,0 : 1,0 : 1,6.66928571428571,317,425,5,4,8,9,0,13,11,24,56.7,7.15461538461538,229,349,3,4,4,3,2,17,17,22,43.3,0,1,0,1,-1.0
0,959732,2016-04-16 15:00:00,23,259,1 : 0,3 : 0,7.25285714285714,183,290,1,7,4,3,0,22,13,42,34.5,6.315,444,561,3,1,7,7,0,20,9,31,65.5,1,0,3,0,1.0
0,959728,2016-04-16 15:00:00,32,24,1 : 0,1 : 0,6.86785714285714,497,581,2,4,7,14,0,18,9,20,66.2,6.60083333333333,225,294,2,1,4,3,0,21,10,27,33.8,1,0,1,0,1.0
0,959720,2016-04-16 15:00:00,31,18,0 : 0,1 : 1,6.78642857142857,304,392,3,2,2,3,0,11,8,15,49.3,6.74714285714286,292,378,4,4,9,10,0,15,14,23,50.7,0,0,1,1,0.0
0,959717,2016-04-16 17:30:00,15,167,0 : 1,0 : 3,6.195,434,529,4,4,3,11,0,20,12,20,51.8,7.59428571428572,426,509,2,8,1,3,0,13,15,18,48.2,0,1,0,3,-1.0
0,959908,2016-04-17 13:30:00,183,26,0 : 2,1 : 2,6.65785714285714,404,503,8,5,5,5,0,22,9,29,51.3,7.13357142857143,398,492,4,6,9,4,0,21,9,31,48.7,0,2,1,2,-1.0
0,959724,2016-04-17 13:30:00,14,29,1 : 0,2 : 2,6.48857142857143,225,332,0,2,4,0,0,14,14,22,43.5,6.69,320,407,3,4,12,5,0,12,14,27,56.5,1,0,2,2,0.0
0,959907,2016-04-17 16:00:00,13,162,1 : 0,1 : 1,6.91142857142857,651,737,7,6,8,10,0,16,7,24,71.7,6.65,205,278,1,3,3,5,0,17,13,10,28.3,1,0,1,1,0.0
0,959740,2016-04-18 20:00:00,96,30,0 : 1,0 : 4,6.24923076923077,322,410,4,2,6,5,0,25,12,21,51.2,7.65285714285714,314,396,4,6,13,3,0,24,12,29,48.8,0,1,0,4,-1.0
0,959848,2016-04-19 19:45:00,23,167,1 : 1,1 : 1,6.70571428571429,277,393,0,3,2,5,0,19,13,26,43.2,6.81857142857143,390,522,1,5,3,3,0,27,8,33,56.8,1,1,1,1,0.0
0,959851,2016-04-20 19:45:00,29,27,2 : 0,3 : 1,7.26857142857143,293,376,5,7,6,4,1,18,11,25,46.2,6.26928571428571,344,438,1,4,2,2,0,25,17,22,53.8,2,0,3,1,1.0
0,959902,2016-04-20 20:00:00,32,162,1 : 0,2 : 0,7.13642857142857,563,633,3,10,3,10,0,29,13,20,66.3,6.62142857142857,247,321,4,0,1,2,0,23,7,26,33.7,1,0,2,0,1.0
0,959840,2016-04-20 20:00:00,26,31,2 : 0,4 : 0,7.80571428571429,513,595,10,13,14,9,0,19,8,19,66.6,6.06214285714286,200,311,1,0,2,1,0,17,11,18,33.4,2,0,4,0,1.0
0,959882,2016-04-21 19:45:00,13,175,2 : 0,2 : 0,7.37071428571428,641,723,3,7,6,2,0,12,14,16,71.4,6.31714285714286,186,274,3,1,4,6,0,17,14,15,28.6,2,0,2,0,1.0
0,959718,2016-04-23 12:45:00,167,96,2 : 0,4 : 0,7.33428571428571,412,501,2,6,3,9,0,16,8,11,53.2,6.37461538461539,371,446,1,2,11,4,0,18,8,15,46.8,2,0,4,0,1.0
0,959759,2016-04-23 15:00:00,26,23,2 : 0,2 : 2,6.72071428571429,483,609,6,4,3,5,0,24,8,28,67.0,6.94928571428571,186,296,0,3,3,4,0,31,17,28,33.0,2,0,2,2,0.0
0,959750,2016-04-23 15:00:00,183,15,1 : 2,1 : 4,6.34214285714286,364,446,3,4,6,10,0,20,11,21,45.3,7.60416666666667,473,560,8,4,4,7,0,24,4,20,54.7,1,2,1,4,-1.0
0,959747,2016-04-23 15:00:00,24,18,1 : 2,2 : 4,6.73214285714286,297,386,2,7,7,6,0,21,8,27,42.0,7.41923076923077,446,536,4,7,6,11,0,21,9,13,58.0,1,2,2,4,-1.0
0,959726,2016-04-24 14:05:00,16,13,0 : 0,0 : 0,6.91076923076923,168,268,3,3,6,7,0,13,10,18,29.8,6.99285714285714,550,659,8,7,5,7,0,6,8,22,70.2,0,0,0,0,0.0
0,959756,2016-04-24 16:15:00,14,259,2 : 0,4 : 0,7.86857142857143,289,392,3,9,6,4,0,30,15,21,38.3,6.26285714285714,520,623,4,1,4,6,0,28,10,32,61.7,2,0,4,0,1.0
0,959730,2016-04-25 20:00:00,30,175,1 : 0,1 : 1,6.71142857142857,457,537,8,2,8,9,0,19,8,22,66.5,6.77083333333333,179,260,5,3,8,7,0,20,13,16,33.5,1,0,1,1,0.0
0,959765,2016-04-30 15:00:00,175,29,0 : 2,0 : 3,6.17214285714286,223,332,3,5,7,8,0,13,14,32,40.8,7.71928571428572,392,494,2,4,2,6,0,15,7,15,59.2,0,2,0,3,-1.0
0,959763,2016-04-30 15:00:00,27,24,1 : 1,3 : 2,6.92461538461538,500,588,5,6,7,8,0,14,14,29,64.7,6.86307692307692,245,332,1,2,4,4,0,17,10,12,35.3,1,1,3,2,1.0
0,959758,2016-04-30 15:00:00,96,16,0 : 0,1 : 1,6.90285714285714,264,369,2,3,6,2,0,15,13,20,53.6,6.46857142857143,195,306,4,5,5,8,0,15,13,29,46.4,0,0,1,1,0.0
0,959746,2016-04-30 15:00:00,31,183,1 : 1,2 : 1,6.87714285714286,499,608,3,5,4,3,0,19,4,23,56.5,6.65357142857143,369,455,7,2,7,5,0,17,8,22,43.5,1,1,2,1,1.0
0,959752,2016-04-30 15:00:00,23,162,0 : 0,1 : 0,7.21142857142857,276,394,3,4,3,4,1,27,11,26,49.5,6.55214285714286,289,399,1,3,5,8,0,18,12,34,50.5,0,0,1,0,1.0
0,959738,2016-04-30 17:30:00,13,168,0 : 0,1 : 0,7.09285714285714,593,697,5,3,6,7,0,17,8,20,68.6,6.45928571428571,201,305,3,3,6,3,0,17,7,15,31.4,0,0,1,0,1.0
0,959761,2016-05-01 12:00:00,259,26,2 : 0,3 : 1,7.10461538461538,406,480,5,9,4,4,0,20,12,23,47.6,6.39714285714286,454,533,5,3,3,7,0,20,13,21,52.4,2,0,3,1,1.0
0,959749,2016-05-01 14:05:00,32,14,1 : 1,1 : 1,6.98,499,592,8,6,7,6,0,14,16,33,70.5,7.00428571428571,154,248,4,3,7,5,0,25,10,17,29.5,1,1,1,1,0.0
0,959755,2016-05-01 16:30:00,18,167,2 : 1,4 : 2,7.29285714285714,296,384,2,7,5,9,0,38,12,19,40.2,6.67153846153846,486,576,0,5,1,2,0,24,9,20,59.8,2,1,4,2,1.0
0,959742,2016-05-02 20:00:00,15,30,0 : 2,2 : 2,6.90076923076923,283,366,3,5,5,7,0,24,9,25,47.3,6.77571428571429,327,408,6,5,5,8,0,23,20,22,52.7,0,2,2,2,0.0
0,959731,2016-05-07 12:45:00,168,32,0 : 0,0 : 1,6.455,170,272,3,2,3,1,0,14,11,27,33.1,7.00428571428571,471,579,7,2,6,6,0,19,10,31,66.9,0,0,0,1,-1.0
0,959716,2016-05-07 15:00:00,162,96,0 : 1,2 : 1,6.785,295,390,7,4,6,4,0,8,8,30,57.8,6.56,203,293,2,3,7,3,0,16,18,15,42.2,0,1,2,1,1.0
0,959743,2016-05-07 15:00:00,29,259,0 : 2,1 : 4,6.32571428571429,351,427,10,7,8,13,0,10,11,13,51.9,7.44428571428571,328,408,4,6,3,3,0,16,8,20,48.1,0,2,1,4,-1.0
0,959767,2016-05-07 15:00:00,24,23,0 : 0,0 : 0,6.98333333333333,320,409,0,0,2,0,0,21,8,34,45.9,6.76285714285714,378,455,1,3,5,5,0,17,13,47,54.1,0,0,0,0,0.0
0,959769,2016-05-07 15:00:00,183,175,0 : 1,1 : 1,6.605,478,566,2,4,6,5,1,24,5,38,68.6,6.86,177,250,2,4,6,3,0,28,8,24,31.4,0,1,1,1,0.0
0,959735,2016-05-07 15:00:00,16,15,1 : 2,3 : 2,6.88,199,287,7,4,3,3,0,15,11,19,31.4,6.50785714285714,560,652,1,8,0,3,0,15,9,16,68.6,1,2,3,2,1.0
0,959719,2016-05-07 17:30:00,14,31,2 : 0,3 : 1,7.35142857142857,265,340,10,8,13,12,0,17,4,20,41.3,6.565,412,504,1,5,3,4,0,24,12,22,58.7,2,0,3,1,1.0
0,959739,2016-05-08 13:30:00,30,18,1 : 1,1 : 2,6.67461538461539,500,586,5,6,9,10,0,14,8,28,69.8,6.975,175,257,3,2,5,2,0,26,15,20,30.2,1,1,1,2,-1.0
0,959723,2016-05-08 16:00:00,26,27,1 : 0,2 : 0,7.32642857142857,479,563,6,5,8,8,0,22,10,19,66.1,6.62857142857143,193,271,3,3,8,8,0,17,15,20,33.9,1,0,2,0,1.0
0,959727,2016-05-08 16:00:00,167,13,1 : 1,2 : 2,7.01571428571429,388,505,2,3,9,7,0,22,16,31,57.2,6.89071428571429,273,383,1,2,2,2,0,26,10,17,42.8,1,1,2,2,0.0
0,959734,2016-05-10 20:30:00,29,32,1 : 0,3 : 2,6.99642857142857,228,324,2,6,12,6,0,18,6,21,41.3,6.59285714285714,362,473,0,2,1,2,0,25,18,17,58.7,1,0,3,2,1.0
0,959722,2016-05-11 19:45:00,168,27,3 : 1,4 : 2,6.93785714285714,394,495,6,6,6,5,0,8,8,31,55.6,6.51,293,400,3,7,2,1,0,29,13,21,44.4,3,1,4,2,1.0
0,959847,2016-05-11 19:45:00,16,31,2 : 0,3 : 0,7.35142857142857,260,352,3,8,3,5,0,12,15,19,37.7,6.36692307692308,493,596,6,6,5,5,0,19,7,20,62.3,2,0,3,0,1.0
0,959898,2016-05-11 20:00:00,26,15,0 : 1,1 : 1,6.92571428571429,470,546,9,9,10,7,0,25,11,24,55.3,6.99285714285714,363,446,3,7,3,3,0,23,12,21,44.7,0,1,1,1,0.0
0,958835,2016-05-15 15:00:00,27,16,0 : 1,2 : 2,6.76785714285714,309,401,4,6,10,7,0,13,11,22,54.2,6.75785714285714,243,346,1,4,1,4,0,20,9,29,45.8,0,1,2,2,0.0
0,958832,2016-05-15 15:00:00,259,167,1 : 1,1 : 1,6.72076923076923,387,494,1,1,2,4,0,13,4,20,50.0,6.65153846153846,400,496,3,5,10,4,0,17,19,24,50.0,1,1,1,1,0.0
0,958826,2016-05-15 15:00:00,18,162,1 : 0,4 : 1,7.385,329,396,2,5,12,2,0,15,7,26,49.8,6.12142857142857,315,402,8,4,4,5,0,11,14,28,50.2,1,0,4,1,1.0
0,958824,2016-05-15 15:00:00,23,30,2 : 0,5 : 1,7.48642857142857,284,351,6,10,3,3,0,20,7,11,38.5,6.23714285714286,493,551,6,5,7,8,0,21,6,26,61.5,2,0,5,1,1.0
0,958818,2016-05-15 15:00:00,31,168,2 : 0,3 : 0,7.48,301,382,3,8,4,4,0,18,7,21,45.4,6.32214285714286,351,446,2,2,6,11,0,13,11,27,54.6,2,0,3,0,1.0
0,958816,2016-05-15 15:00:00,15,14,0 : 0,1 : 1,6.91642857142857,438,525,9,4,4,7,0,26,5,19,54.0,6.87285714285714,350,444,7,5,6,6,0,24,12,26,46.0,0,0,1,1,0.0
0,958810,2016-05-15 15:00:00,13,24,1 : 0,4 : 0,7.54071428571428,539,609,2,7,7,5,0,14,12,11,59.6,6.17769230769231,338,414,3,2,0,4,0,13,6,15,40.4,1,0,4,0,1.0
0,958837,2016-05-15 15:00:00,175,26,1 : 1,1 : 1,6.69214285714286,192,285,5,1,7,7,0,22,11,23,32.6,6.68642857142857,516,612,1,3,3,5,0,23,14,28,67.4,1,1,1,1,0.0
0,958829,2016-05-15 15:00:00,96,29,0 : 1,2 : 1,7.08714285714286,279,355,1,4,2,4,0,28,8,13,46.7,6.58071428571429,329,401,6,8,6,10,0,10,12,25,53.3,0,1,2,1,1.0
0,958821,2016-05-17 20:00:00,32,183,1 : 0,3 : 1,7.02428571428571,612,677,4,5,3,7,0,17,9,21,66.3,6.28357142857143,268,342,4,0,3,1,0,16,8,24,33.7,1,0,3,1,1.0
